<Project><Info><PrjName>ROB1_INTRO</PrjName><BulletColor>#8867AC</BulletColor><PrjNameLong>FTK_Intro</PrjNameLong><PrjRect>544,49,1824,849</PrjRect><HighlightLinkColor>128,255,255</HighlightLinkColor><HighlightLinkTransparency>50</HighlightLinkTransparency><LastPageSingleOrDouble>Single</LastPageSingleOrDouble><PageDisplay>single</PageDisplay><PointNames></PointNames><ResetRandomRemovals>true</ResetRandomRemovals><UpdatedGroups>true</UpdatedGroups><ProjectLongName>FTK_Intro</ProjectLongName><MathAnswerSize>5</MathAnswerSize><SnapDroppedImagesIntoLocation>true</SnapDroppedImagesIntoLocation><ProjectId></ProjectId><AllowInterrupting>false</AllowInterrupting><TimeToInterrupt>0</TimeToInterrupt><HighlightLinkTransparency>50</HighlightLinkTransparency><SinglePageHeight>800</SinglePageHeight><SinglePageWidth>640</SinglePageWidth><AlwaysDoubleWide>true</AlwaysDoubleWide><PageNumbering>Page 1</PageNumbering><ReturnPageToPreviousStateOnInterruptions>false</ReturnPageToPreviousStateOnInterruptions><LastPageSpread>Single</LastPageSpread></Info><Pages><Page><ClickPromptRequired>true</ClickPromptRequired><HasPlayedOpenPageFirstTime>false</HasPlayedOpenPageFirstTime><RandomChoiceRemovals></RandomChoiceRemovals><NeedToUpdateSnap>false</NeedToUpdateSnap><PagePoints>0</PagePoints><RunningOpenPageLinks>false</RunningOpenPageLinks><PointNames></PointNames><InitialLayers>MarginRight	1MarginLeft	2FTK_Intro_FPO	3PLAY_BUTTON_PNG	4Link 1	5MobileCover	6</InitialLayers><AllowPointsToGoNegative>false</AllowPointsToGoNegative><CurrentAnimation>Animation_1</CurrentAnimation><CurrentObject>PLAY_BUTTON_PNG</CurrentObject><PageName>Page 1</PageName><Objects><Object><ObjName>FTK_Intro_FPO</ObjName><ObjFileName>FTK_Intro_FPO</ObjFileName><ObjMobility>static</ObjMobility><InitialStatus>enabled</InitialStatus><ObjType>image</ObjType><ObjFileLeaf>FTK_Intro_FPO.png</ObjFileLeaf><ObjExt>png</ObjExt><ObjIsImageSequence>false</ObjIsImageSequence><ObjImageSequenceFolder></ObjImageSequenceFolder><ObjLayer>3</ObjLayer><ObjInitVis>show</ObjInitVis><ObjInitTopLeft>0,0</ObjInitTopLeft><ObjInitWidth>1280</ObjInitWidth><ObjInitHeight>800</ObjInitHeight><ObjMoveForwardAfterDragging></ObjMoveForwardAfterDragging></Object><Object><ObjName>PLAY_BUTTON_PNG</ObjName><ObjFileName>PLAY_BUTTON_PNG</ObjFileName><ObjMobility>static</ObjMobility><InitialStatus>enabled</InitialStatus><ObjType>image</ObjType><ObjFileLeaf>PLAY_BUTTON_PNG.png</ObjFileLeaf><ObjExt>png</ObjExt><ObjIsImageSequence>false</ObjIsImageSequence><ObjImageSequenceFolder></ObjImageSequenceFolder><ObjLayer>4</ObjLayer><ObjInitVis>show</ObjInitVis><ObjInitTopLeft>420,592</ObjInitTopLeft><ObjInitWidth>97</ObjInitWidth><ObjInitHeight>91</ObjInitHeight><ObjMoveForwardAfterDragging></ObjMoveForwardAfterDragging><ObjAnimations><ObjAnimation><AnimationName>Animation_1</AnimationName><AnimationData>465,640|100%|100%|100%|0|.5:440,640|100%|100%|100%|0|.5:465,640|100%|100%|100%|--|--</AnimationData><OriginalAnimationData>465,640|100%|100%|100%|0|.5:462,639|100%|100%|100%|--|--</OriginalAnimationData></ObjAnimation></ObjAnimations></Object></Objects><Links><Link><Name>Link 1</Name><LinkType>graphic</LinkType><LineDrawing>none</LineDrawing><Points>504,359.772,359.772,556.504,556.504,359</Points><CurrentRect>503,358,773,557</CurrentRect><GraphicStyle>polygon</GraphicStyle><PinnedTo></PinnedTo><InitialStatus>enabled</InitialStatus><AutoHighlightLink></AutoHighlightLink><Triggers><Trigger><TriggerType>click</TriggerType><Targets><Target><Type>Page</Type><Action></Action><Destination>Next</Destination></Target></Targets></Trigger></Triggers></Link><Link><Name>Page</Name><LinkType>page</LinkType><LineDrawing></LineDrawing><Points></Points><PinnedTo></PinnedTo><InitialStatus></InitialStatus><Triggers><Trigger><TriggerType>Open Page</TriggerType><Targets><Target><Type>Audio</Type><Action>play</Action><Destination>FTK_Theme</Destination></Target><Target><Type>Object</Type><Action>Play blocking</Action><Destination>PLAY_BUTTON_PNG|Animation_1</Destination></Target><Target><Type>Object</Type><Action>Play blocking</Action><Destination>PLAY_BUTTON_PNG|Animation_1</Destination></Target><Target><Type>Object</Type><Action>Play blocking</Action><Destination>PLAY_BUTTON_PNG|Animation_1</Destination></Target><Target><Type>Object</Type><Action>Play blocking</Action><Destination>PLAY_BUTTON_PNG|Animation_1</Destination></Target><Target><Type>Object</Type><Action>Play blocking</Action><Destination>PLAY_BUTTON_PNG|Animation_1</Destination></Target><Target><Type>Object</Type><Action>Play blocking</Action><Destination>PLAY_BUTTON_PNG|Animation_1</Destination></Target></Targets></Trigger></Triggers></Link></Links></Page></Pages><Assets><Asset><Source>PLAY_BUTTON_PNG.png</Source><Type>Image</Type><FixedOrVariable>fixed</FixedOrVariable></Asset><Asset><Source>FTK_Intro_FPO.png</Source><Type>Image</Type><FixedOrVariable>variable</FixedOrVariable></Asset><Asset><Source>FTK_Theme.wav</Source><Type>Audio</Type><FixedOrVariable>variable</FixedOrVariable></Asset></Assets></Project>
